train_loss,val_loss,precision,recall,f1
0.42227626723032846,0.21122912125809432,0.9357445001500373,0.934308146934096,0.9350257719237569
0.18227661252386426,0.1572436855585294,0.9498502694455006,0.949124199043751,0.949487095438592
0.1389193196501924,0.1310852759911587,0.9579159558825658,0.957578844266933,0.9577473704102885
